﻿<parameters>
  <parameter name="IIS Web Application Name" defaultValue="ensajVoting" tags="IisApp">
    <parameterEntry kind="ProviderPath" scope="IisApp" match="^C:\\Users\\Ibtissam\\AppData\\Local\\Temp\\WebSitePublish\\Online-Voting-System-2019--690381572\\obj\\Debug\\Package\\PackageTmp$" />
    <parameterEntry kind="ProviderPath" scope="setAcl" match="^C:\\Users\\Ibtissam\\AppData\\Local\\Temp\\WebSitePublish\\Online-Voting-System-2019--690381572\\obj\\Debug\\Package\\PackageTmp$" />
  </parameter>
  <parameter name="Add write permission to App_Data Folder" description="Add write permission to App_Data folder" defaultValue="{IIS Web Application Name}/App_Data" tags="Hidden">
    <parameterEntry kind="ProviderPath" scope="setAcl" match="^C:\\Users\\Ibtissam\\AppData\\Local\\Temp\\WebSitePublish\\Online-Voting-System-2019--690381572\\obj\\Debug\\Package\\PackageTmp\\App_Data$" />
  </parameter>
  <parameter name="votingdatabase-Web.config Connection String" defaultValue="Data Source=(localdb)\MSSQLLocalDB;Initial Catalog=votingdatabase;">
    <parameterEntry kind="XmlFile" scope="C:\\Users\\Ibtissam\\AppData\\Local\\Temp\\WebSitePublish\\Online-Voting-System-2019--690381572\\obj\\Debug\\Package\\PackageTmp\\Web\.config$" match="/configuration/connectionStrings/add[@name='votingdatabase']/@connectionString" />
  </parameter>
</parameters>